1st nucleotide number,nucleotides,pair type,pair configuration,VMD
500,N|G:500/N|C:545,WC/WC,Cis,chain N and resid  500 545 
501,N|C:501/N|G:544,WC/WC,Cis,chain N and resid  501 544 
502,N|A:502/N|U:543,WC/WC,Cis,chain N and resid  502 543 
503,N|C:503/N|A:510,Sugar/WC,Trans,chain N and resid  503 510 
503,N|C:503/N|G:542,WC/WC,Cis,chain N and resid  503 542 
504,N|C:504/N|G:541,WC*Sugar/WC*Sugar,Cis,chain N and resid  504 541 
505,N|G:505/N|C:526,WC/WC,Cis,chain N and resid  505 526 
506,N|G:506/N|C:525,WC/WC,Cis,chain N and resid  506 525 
507,N|C:507/N|G:524,WC/WC,Cis,chain N and resid  507 524 
508,N|U:508/N|A:509,WC*Sugar/WC*Hoogsteen,Cis,chain N and resid  508 509 
509,N|A:509/N|U:543,Sugar/Sugar,Cis,chain N and resid  509 543 
511,N|C:511/N|G:540,WC/WC,Cis,chain N and resid  511 540 
511,N|C:511/N|U:534,Sugar/WC*Sugar,Trans,chain N and resid  511 534 
512,N|U:512/N|A:539,WC/WC,Cis,chain N and resid  512 539 
513,N|C:513/N|G:538,WC/WC,Cis,chain N and resid  513 538 
514,N|C:514/N|G:537,WC/WC,Cis,chain N and resid  514 537 
515,N|G:515/N|C:536,WC/WC,Cis,chain N and resid  515 536 
516,N|U:516/N|A:533,WC/Hoogsteen,Trans,chain N and resid  516 533 
519,N|C:519/N|G:529,WC*Hoogsteen/Sugar,Trans,chain N and resid  519 529 
520,N|A:520/N|A:533,WC/WC*Hoogsteen,Trans,chain N and resid  520 533 
520,N|A:520/N|G:529,WC*Hoogsteen/Sugar,Cis,chain N and resid  520 529 
521,N|G:521/N|C:528,WC/WC,Cis,chain N and resid  521 528 
522,N|C:522/N|G:527,WC/WC,Cis,chain N and resid  522 527 
523,N|A:523/N|C:525,Sugar/WC*Hoogsteen,Trans,chain N and resid  523 525 
527,N|G:527/N|A:535,Sugar/WC,Trans,chain N and resid  527 535 
528,N|C:528/N|A:535,Sugar/Sugar,Trans,chain N and resid  528 535 
